<?xml version="1.0" encoding="UTF-8"?>
<!DOCTYPE configuremap [
  <!ELEMENT configuremap (configure)+>
  <!ATTLIST configuremap xmlns CDATA #FIXED ''>
  <!ELEMENT configure EMPTY>
  <!ATTLIST configure xmlns CDATA #FIXED '' name NMTOKEN #REQUIRED
    value CDATA #REQUIRED>
]>
<!--
  ImageMagick build configuration.
-->
<configuremap>
  <configure name="CC" value="gcc"/>
  <configure name="CFLAGS" value="-I/usr/local/include/libxml2 -I/usr/local/include -I/usr/local/include/libraw -I/usr/local/include -I/usr/local/include/libpng16 -I/usr/local/include -I/usr/local/include -I/usr/local/include/freetype2 -I/usr/local/include  -Wall -mmacosx-version-min=10.9 -mtune=core2 -fexceptions -D_FORTIFY_SOURCE=0 -pthread -DMAGICKCORE_HDRI_ENABLE=1 -DMAGICKCORE_QUANTUM_DEPTH=16"/>
  <configure name="CODER_PATH" value="/ImageMagick-7.0.10/lib/ImageMagick-7.0.10/modules-Q16HDRI/coders"/>
  <configure name="CONFIGURE_PATH" value="/ImageMagick-7.0.10/etc/ImageMagick-7/"/>
  <configure name="CONFIGURE" value="./configure  '--disable-dependency-tracking' '--disable-osx-universal-binary' '--disable-installed' '--enable-shared' '--enable-static' '--disable-opencl' '--without-modules' '--without-frozenpaths' '--prefix=/ImageMagick-7.0.10' 'CFLAGS=-mmacosx-version-min=10.9' 'LDFLAGS=-mmacosx-version-min=10.9' 'PKG_CONFIG_PATH=/usr/local/lib/pkgconfig'"/>
  <configure name="COPYRIGHT" value="Copyright (C) 1999-2020 ImageMagick Studio LLC"/>
  <configure name="CPPFLAGS" value="-I/ImageMagick-7.0.10/include/ImageMagick-7"/>
  <configure name="CXXFLAGS" value=" -pthread"/>
  <configure name="CXX" value="g++"/>
  <configure name="DEFS" value="-DHAVE_CONFIG_H"/>
  <configure name="DELEGATES" value="bzlib freetype jng jpeg lcms png raw tiff video webp x xml zlib"/>
  <configure name="DISTCHECK_CONFIG_FLAGS" value="'CFLAGS=-mmacosx-version-min=10.9' 'LDFLAGS=-mmacosx-version-min=10.9'  --disable-deprecated  --disable-installed  --with-quantum-depth=16  --with-jemalloc=no  --with-umem=no  --with-autotrace=no  --with-gslib=no  --with-fontpath=  --with-rsvg=no  --with-wmf=no  --with-perl=no "/>
  <configure name="DOCUMENTATION_PATH" value="/ImageMagick-7.0.10/share/doc/ImageMagick-7"/>
  <configure name="EXEC-PREFIX" value="/ImageMagick-7.0.10"/>
  <configure name="EXECUTABLE_PATH" value="/ImageMagick-7.0.10/bin"/>
  <configure name="FEATURES" value="DPC HDRI Cipher"/>
  <configure name="FILTER_PATH" value="/ImageMagick-7.0.10/lib/ImageMagick-7.0.10/modules-Q16HDRI/filters"/>
  <configure name="GIT_REVISION" value="17886" />
  <configure name="HOST" value="x86_64-apple-darwin20.1.0"/>
  <configure name="INCLUDE_PATH" value="/ImageMagick-7.0.10/include/ImageMagick-7"/>
  <configure name="LDFLAGS" value="-L/ImageMagick-7.0.10/lib -mmacosx-version-min=10.9  -L/usr/X11/lib"/>
  <configure name="LIBRARY_PATH" value="/ImageMagick-7.0.10/lib/ImageMagick-7.0.10"/>
  <configure name="LIBS" value="  -L/usr/local/lib -llcms2 -ltiff -L/usr/local/lib -lfreetype  -ljpeg    -L/usr/local/lib -lpng16 -lz         -L/usr/local/lib -lwebp   -lXext -lXt   -lSM -lICE -lX11   -lbz2    -L/usr/local/lib -lraw_r -lstdc++ -llcms2  -L/usr/local/lib -lxml2  -L/usr/local/lib -lz -L/usr/local/lib -lz     -lm    -lpthread  "/>
  <configure name="LIB_VERSION_NUMBER" value="7,0,10,43"/>
  <configure name="LIB_VERSION" value="0x70A"/>
  <configure name="NAME" value="ImageMagick"/>
  <configure name="PCFLAGS" value="-DMAGICKCORE_HDRI_ENABLE=1 -DMAGICKCORE_QUANTUM_DEPTH=16"/>
  <configure name="PREFIX" value="/ImageMagick-7.0.10"/>
  <configure name="QuantumDepth" value="16"/>
  <configure name="RELEASE_DATE" value="2020-11-23"/>
  <configure name="SHAREARCH_PATH" value="/ImageMagick-7.0.10/lib/ImageMagick-7.0.10/config-Q16HDRI"/>
  <configure name="SHARE_PATH" value="/ImageMagick-7.0.10/share/ImageMagick-7"/>
  <configure name="TARGET_CPU" value="x86_64"/>
  <configure name="TARGET_OS" value="darwin20.1.0"/>
  <configure name="TARGET_VENDOR" value="apple"/>
  <configure name="VERSION" value="7.0.10"/>
  <configure name="WEBSITE" value="https://imagemagick.org"/>
</configuremap>
